{"Original": [0.02264881134033203, 0.051229000091552734, 0.10553717613220215, 0.18747925758361816, 0.3106272220611572, 0.4851963520050049, 0.6001582145690918, 0.7944889068603516, 0.9697823524475098, 1.2544934749603271, 1.5271615982055664, 1.8307859897613525, 2.1153340339660645, 2.3180532455444336, 2.619894504547119, 2.9762938022613525, 3.3250784873962402, 3.7488038539886475, 4.263147830963135, 4.879930257797241], "Fast": [0.1534273624420166, 0.15319204330444336, 0.15193581581115723, 0.1614084243774414, 0.16878151893615723, 0.17862772941589355, 0.18555116653442383, 0.20630955696105957, 0.22251462936401367, 0.2379295825958252, 0.25524020195007324, 0.44237279891967773, 0.2928164005279541, 0.3055272102355957, 0.3222203254699707, 0.36162877082824707, 0.5524330139160156, 0.4024631977081299, 0.4339139461517334, 0.48006558418273926]}