{"Original": [0.03561973571777344, 0.10574150085449219, 0.23367810249328613, 0.41558313369750977, 0.6475167274475098, 0.9189679622650146, 1.260239601135254, 1.6451208591461182, 2.094278573989868, 2.592851161956787, 3.31394100189209, 3.948470115661621, 4.913776397705078, 5.625175476074219, 6.432274580001831, 7.279403209686279, 8.166005373001099, 9.30340576171875, 10.485194206237793, 11.889949560165405], "Fast": [0.0032854080200195312, 0.005445003509521484, 0.010938167572021484, 0.015842437744140625, 0.023628711700439453, 0.03176116943359375, 0.04048919677734375, 0.05111861228942871, 0.06069779396057129, 0.08403444290161133, 0.10101079940795898, 0.11403536796569824, 0.1351795196533203, 0.15487027168273926, 0.17244529724121094, 0.18779301643371582, 0.22723603248596191, 0.23534893989562988, 0.26894092559814453, 0.288907527923584], "NumberofNodes": [2231250.0, 34650000.0, 177187500.0, 562800000.0, 1367187500.0, 2844450000.0, 5267193750.0, 8960000000.0, 14352187500.0, 21787500000.0, 32110375000.0, 45360000000.0, 62381068750.0, 83914950000.0, 110742187500.0, 143180800000.0, 182702187500.0, 229890150000.0, 284777106250.0, 350000000000.0]}