{"Original": [0.018349885940551758, 0.04114890098571777, 0.08398747444152832, 0.15639615058898926, 0.24501967430114746, 0.36911678314208984, 0.4561655521392822, 0.6003551483154297, 0.7566776275634766, 0.9465343952178955, 1.237647294998169, 1.4134838581085205, 1.6554808616638184, 1.846898078918457, 2.077094316482544, 2.3640823364257812, 2.716951608657837, 3.7017719745635986, 5.84284782409668, 5.63394021987915], "Fast": [0.008784294128417969, 0.01125645637512207, 0.012239933013916016, 0.012787342071533203, 0.013699531555175781, 0.014495849609375, 0.015056848526000977, 0.015276193618774414, 0.0174407958984375, 0.018703222274780273, 0.019707679748535156, 0.02156805992126465, 0.027620315551757812, 0.022838592529296875, 0.028169870376586914, 0.03148460388183594, 0.03387165069580078, 0.05890941619873047, 0.07749271392822266, 0.06990313529968262], "NumberofNodes": [2231250.0, 34650000.0, 177187500.0, 562800000.0, 1367187500.0, 2844450000.0, 5267193750.0, 8960000000.0, 14352187500.0, 21787500000.0, 32110375000.0, 45360000000.0, 62381068750.0, 83914950000.0, 110742187500.0, 143180800000.0, 182702187500.0, 229890150000.0, 284777106250.0, 350000000000.0]}