{"Original": [0.026249170303344727, 0.08614110946655273, 0.19446659088134766, 0.34720373153686523, 0.5358493328094482, 0.771773099899292, 1.058004379272461, 1.3731672763824463, 1.7624106407165527, 2.16326904296875, 2.675046443939209, 3.207321882247925, 3.8398828506469727, 4.466091156005859, 5.207302570343018, 6.012312650680542, 6.851770401000977, 7.853053331375122, 8.715873003005981, 9.765790939331055], "Fast": [0.0027065277099609375, 0.003610372543334961, 0.005309581756591797, 0.007652759552001953, 0.01025843620300293, 0.013330221176147461, 0.017530441284179688, 0.020152568817138672, 0.024399995803833008, 0.03025531768798828, 0.033861398696899414, 0.04124879837036133, 0.0469050407409668, 0.05149531364440918, 0.05804944038391113, 0.06499099731445312, 0.07420134544372559, 0.07953405380249023, 0.08887839317321777, 0.0974886417388916], "NumberofNodes": [2231250.0, 34650000.0, 177187500.0, 562800000.0, 1367187500.0, 2844450000.0, 5267193750.0, 8960000000.0, 14352187500.0, 21787500000.0, 32110375000.0, 45360000000.0, 62381068750.0, 83914950000.0, 110742187500.0, 143180800000.0, 182702187500.0, 229890150000.0, 284777106250.0, 350000000000.0]}