{"Original": [0.03384542465209961, 0.11186742782592773, 0.2534036636352539, 0.4503626823425293, 0.699777364730835, 1.005458116531372, 1.4950790405273438, 3.7190051078796387, 4.033616304397583, 4.034688472747803, 4.882676362991333, 5.85960054397583, 6.86517071723938, 7.889845848083496, 9.020524501800537, 10.38593316078186, 11.764965057373047, 16.894036531448364, 16.78218173980713, 17.676233768463135], "Fast": [0.003078460693359375, 0.003979682922363281, 0.005994319915771484, 0.007869243621826172, 0.010452985763549805, 0.013629674911499023, 0.024303674697875977, 0.03309011459350586, 0.035445213317871094, 0.04232168197631836, 0.0494534969329834, 0.057758331298828125, 0.06584978103637695, 0.06983137130737305, 0.0827951431274414, 0.09026765823364258, 0.09969782829284668, 0.141845703125, 0.1309499740600586, 0.15923619270324707], "NumberofNodes": [2231250.0, 34650000.0, 177187500.0, 562800000.0, 1367187500.0, 2844450000.0, 5267193750.0, 8960000000.0, 14352187500.0, 21787500000.0, 32110375000.0, 45360000000.0, 62381068750.0, 83914950000.0, 110742187500.0, 143180800000.0, 182702187500.0, 229890150000.0, 284777106250.0, 350000000000.0]}