{"Original": [0.02632737159729004, 0.08795619010925293, 0.18747472763061523, 0.3303029537200928, 0.5134856700897217, 0.7467217445373535, 1.0055005550384521, 1.412686824798584, 1.773359775543213, 2.2079968452453613, 2.68160080909729, 3.081876516342163, 3.682722568511963, 4.404603958129883, 5.034690856933594, 5.826922178268433, 6.80108118057251, 7.807610273361206, 8.744568824768066, 9.54727292060852], "Fast": [0.0032303333282470703, 0.004865884780883789, 0.008387565612792969, 0.013007402420043945, 0.019268512725830078, 0.02640557289123535, 0.03431200981140137, 0.04448080062866211, 0.05398154258728027, 0.06795740127563477, 0.07670903205871582, 0.09200263023376465, 0.10816264152526855, 0.12369251251220703, 0.14079594612121582, 0.15560674667358398, 0.1781175136566162, 0.2008514404296875, 0.22410917282104492, 0.23837685585021973], "NumberofNodes": [2231250.0, 34650000.0, 177187500.0, 562800000.0, 1367187500.0, 2844450000.0, 5267193750.0, 8960000000.0, 14352187500.0, 21787500000.0, 32110375000.0, 45360000000.0, 62381068750.0, 83914950000.0, 110742187500.0, 143180800000.0, 182702187500.0, 229890150000.0, 284777106250.0, 350000000000.0]}