{"Original": [2.48132061958313, 2.4771323204040527, 2.5335850715637207, 2.478684186935425, 5.115330219268799, 4.7854180335998535, 4.518125295639038, 4.37908411026001, 4.519244432449341, 4.684212684631348, 4.267070055007935, 4.355507135391235, 4.5145158767700195, 4.385433197021484, 2.261753559112549, 2.28005313873291, 2.4039711952209473, 2.389953374862671, 2.2977328300476074, 2.3290224075317383], "Fast": [0.2118377685546875, 0.20881938934326172, 0.22311997413635254, 0.21678805351257324, 0.43818068504333496, 0.41982126235961914, 0.38393402099609375, 0.3701512813568115, 0.4147827625274658, 0.4406406879425049, 0.37757229804992676, 0.3855125904083252, 0.375185489654541, 0.39069700241088867, 0.2033381462097168, 0.21116924285888672, 0.21467876434326172, 0.20314574241638184, 0.20465970039367676, 0.2078857421875], "NumberofNodes": [2231250.0, 34650000.0, 177187500.0, 562800000.0, 1367187500.0, 2844450000.0, 5267193750.0, 8960000000.0, 14352187500.0, 21787500000.0, 32110375000.0, 45360000000.0, 62381068750.0, 83914950000.0, 110742187500.0, 143180800000.0, 182702187500.0, 229890150000.0, 284777106250.0, 350000000000.0]}