{"Original": [2.3023581504821777, 2.330615758895874, 2.339374542236328, 2.3064520359039307, 2.345475673675537, 2.43552565574646, 2.338365316390991, 2.3443164825439453, 2.4235715866088867, 2.4418885707855225, 2.3267290592193604, 2.31547212600708, 2.3099119663238525, 2.3179855346679688, 2.370255470275879, 2.4466989040374756, 2.4565422534942627, 5.381832599639893, 4.464937925338745, 4.409133434295654], "Fast": [0.25229525566101074, 0.2698392868041992, 0.1261732578277588, 0.12727832794189453, 0.12755990028381348, 0.13196802139282227, 0.1283550262451172, 0.1303577423095703, 0.13023686408996582, 0.1287212371826172, 0.12785816192626953, 0.12637829780578613, 0.12819886207580566, 0.12844347953796387, 0.13003087043762207, 0.13232421875, 0.1315464973449707, 0.24841046333312988, 0.22311186790466309, 0.22790169715881348], "NumberofNodes": [2231250.0, 34650000.0, 177187500.0, 562800000.0, 1367187500.0, 2844450000.0, 5267193750.0, 8960000000.0, 14352187500.0, 21787500000.0, 32110375000.0, 45360000000.0, 62381068750.0, 83914950000.0, 110742187500.0, 143180800000.0, 182702187500.0, 229890150000.0, 284777106250.0, 350000000000.0]}