{"Original": [385.62655115127563, 457.6777729988098, 689.7422099113464, 395.81466841697693], "Optimised": [414.81772089004517, 368.7622449398041, 380.11503505706787, 718.4908754825592], "Numba": [30.229130268096924, 56.94810891151428, 47.083338022232056, 56.006994009017944]}