{"Original": [387.2089490890503, 477.32396697998047, 373.71838092803955, 363.8933289051056], "Optimised": [379.4358072280884, 397.395938873291, 359.39594054222107, 494.13932824134827], "Numba": [28.314613103866577, 27.63183283805847, 37.940486907958984, 26.715970516204834]}